{
  "clip_albedo": {
    "P@1": 0.5,
    "P@3": 0.4861111111111111,
    "P@5": 0.425,
    "P@10": 0.31250000000000006
  },
  "clip_rendered": {
    "P@1": 0.5833333333333334,
    "P@3": 0.4861111111111111,
    "P@5": 0.35833333333333334,
    "P@10": 0.3
  },
  "n_gold": 24,
  "N": 89,
  "caption_route": "pending Colab Gemma pass over renders"
}