{
  "precision": {
    "CLIP-only": [
      0.64,
      0.5733333333333333,
      0.536,
      0.42800000000000005
    ],
    "Caption-only": [
      0.32,
      0.37333333333333335,
      0.36800000000000005,
      0.36
    ],
    "GemmaStubFmt": [
      0.44,
      0.37333333333333335,
      0.424,
      0.384
    ],
    "MetadataStub": [
      0.96,
      0.9333333333333332,
      0.888,
      0.84
    ],
    "Hybrid a=0.5": [
      0.56,
      0.5599999999999999,
      0.496,
      0.46799999999999997
    ]
  },
  "best_alpha": 1.0,
  "best_p5": 0.536,
  "n_gold": 25,
  "mis_struct": 130,
  "non_material": 18,
  "mis_sfmt": 139,
  "N": 300
}